sku,ourTitle,dupontSlug,confidence,note
IH-LUB-1000,Molykote 1000,molykote-1000-paste,confirmed,
IH-LUB-106-ANTI-FRICTION-COATING,Molykote 106 Anti Friction Coating,molykote-106-anti-friction-coating,confirmed,exact
IH-LUB-111-COMPOUND,Molykote 111 Compound,molykote-111-compound,confirmed,exact
IH-LUB-1122-CHAIN-AND-OPEN-AIR-GREASE,Molykote 1122 Chain and Open Air Grease,molykote-1122-chain-and-open-gear-grease,confirmed,our title says Air; DuPont says Gear - same product
IH-LUB-33-MED,Molykote 33 MED,molykote-33-medium-extreme-low-temperature-grease,confirmed,MED=Medium; 33 Light is the distinct sibling
IH-LUB-3400-A,Molykote 3400 A,molykote-3400a-anti-friction-coating-lf,confirmed,
IH-LUB-3402-C,Molykote 3402 C,molykote-3402-c-lf-anti-friction-coating,confirmed,
IH-LUB-3451-CHEMICAL-RESISTANT-BEARING-GREASE,Molykote 3451 Chemical Resistant Bearing Grease,molykote-3451-chemical-resistant-bearing-grease,confirmed,exact
IH-LUB-3452-CHEMICAL-RESISTANT-VALVE-GREASE,Molykote 3452 Chemical Resistant Valve Grease,molykote-3452-chemical-resistant-valve-grease,confirmed,exact
IH-LUB-41-EXTREME-HIGH-TEMPERATURE-BEARING-GREASE,Molykote 41 Extreme High Temperature Bearing Grease,molykote-41-extreme-high-temperature-grease,confirmed,
IH-LUB-44-LIGHT,Molykote 44 Light,molykote-44-light-high-temperature-grease,confirmed,
IH-LUB-44-MED,Molykote 44 MED,molykote-44-medium-high-temperature-grease,confirmed,MED=Medium
IH-LUB-55-O-RING-GREASE,Molykote 55 O-Ring Grease,molykote-55-o-ring-grease,confirmed,exact
IH-LUB-7,Molykote 7,molykote-7-release-compound,confirmed,our category is Compounds
IH-LUB-7325,Molykote 7325,molykote-7325-grease,confirmed,NOTE DuPont classes this a grease; we file it under Anti-Friction Coatings
IH-LUB-7400,Molykote 7400,molykote-7400-anti-friction-coating,confirmed,
IH-LUB-7409,Molykote 7409,molykote-d-7409-anti-friction-coating,confirmed,DuPont prefixes D-; consistent with the D-series family
IH-LUB-BG-20-GREASE,Molykote BG-20 Grease,molykote-bg-20-synthetic-bearing-grease,confirmed,
IH-LUB-BR-2-PLUS,Molykote BR-2 Plus,molykote-br-2-plus-high-performance-grease,confirmed,
IH-LUB-D321-ANTI-FRICTION,Molykote D321 Anti-Friction,molykote-d-321-r-anti-friction-coating,confirmed,non-spray variant chosen; a Spray page also exists
IH-LUB-DC-HVG,Molykote DC HVG,molykote-high-vacuum-grease,confirmed,DC HVG = Dow Corning High Vacuum Grease; DuPont desc confirms silicone
IH-LUB-DX-PASTE,Molykote DX Paste,molykote-dx-s-paste,confirmed,DuPont lists as DX (S) Paste
IH-LUB-EM-30L,Molykote EM-30L,molykote-em-30l-grease,confirmed,
IH-LUB-G-RAPID-PLUS-PASTE-1KG,Molykote G Rapid Plus Paste 1KG,molykote-g-rapid-plus-paste,confirmed,non-spray; DuPont lists a 1 kg can size
IH-LUB-G4700-EXTREME-PRESSURE-SYNTHETIC-GREASE,Molykote G4700 Extreme Pressure Synthetic Grease,molykote-g-4700-extreme-pressure-synthetic-grease,confirmed,exact
IH-LUB-GN-PLUS,Molykote GN Plus,molykote-g-n-plus-paste,confirmed,
IH-LUB-HP-300,Molykote HP-300,molykote-hp-300-grease,confirmed,
IH-LUB-HP-500,Molykote HP-500,molykote-hp-500-grease,confirmed,
IH-LUB-HP-870,Molykote HP-870,molykote-hp-870-grease,confirmed,
IH-LUB-HSC-PLUS-PASTE,Molykote HSC Plus Paste,molykote-hsc-plus-paste,confirmed,exact
IH-LUB-LONG-TERM-2-PLUS-EXTREME-PRESSURE,Molykote Long Term 2 Plus Extreme Pressure,molykote-longterm-2-plus-extreme-pressure-bearing-grease,confirmed,
IH-LUB-M-77-ASSEMBLY-PASTE,Molykote M-77 Assembly Paste,molykote-m-77-paste,confirmed,
IH-LUB-MULTILUB-HIGH-PERFORMANCE-GREASE,Molykote MultiLub High Performance Grease,molykote-multilub-high-performance-grease,confirmed,exact
IH-LUB-P37,Molykote P37,molykote-p-37-antiseize-paste,confirmed,
IH-LUB-P40,Molykote P40,molykote-p-40-s-paste,confirmed,DuPont lists as P-40 (S)
IH-LUB-P74,Molykote P74,molykote-p-74-assembly-paste,confirmed,
IH-LUB-TP42-GREASE-PASTE-126865,Molykote TP42 Grease Paste 126865,molykote-tp-42-paste,confirmed,
IH-LUB-G4500-MULTI-PURPOSE-SYNTHETIC-GREASE,Molykote G4500 Multi-Purpose Synthetic Grease,molykote-g-4500-fm-multi-purpose-synthetic-grease,confirmed,founder 2026-08-17: stocks the 16 kg pail = the FM grade (its only pack size)
IH-LUB-7439,Molykote 7439,molykote-cu-7439-plus-paste-v1,confirmed,founder 2026-08-17: nearest item; stocks the paste not the spray; retitled + moved to Pastes
IH-LUB-CU-7435-PLUS,Molykote CU 7435 Plus,,deleted,founder 2026-08-17: not a real product; deleted and redirected to CU-7439
IH-LUB-33-MED-A,Molykote 33 MED (Variant 2),molykote-33-medium-extreme-low-temperature-grease,confirmed,founder 2026-08-17: Variant 2 is also the Medium grade - DUPLICATE of IH-LUB-33-MED
IH-LUB-165-LT,Molykote 165 LT,,not-found,no 165 LT page on DuPont
IH-LUB-165-LT-A,Molykote 165 LT (Variant 2),,not-found,no 165 LT page on DuPont
IH-LUB-EP,Molykote EP,,ambiguous,too generic to match safely
IH-LUB-EP-GREASE,Molykote EP Grease,,ambiguous,too generic to match safely
IH-LUB-2-POWDER,Molykote 2 Powder,,not-found,no match; DuPont powders are D-55 / 7365 / 7375 Lubolid
IH-LUB-CLOVER-COMPOUND,Molykote Clover Compound,,not-found,not on DuPont site
IH-LUB-SEPARATOR-SPRAY,Molykote Separator Spray,,not-found,not on DuPont site
IH-LUB-LONG-TERM-W2-MULTI-PURPOSE,Molykote Long Term W2 Multi-Purpose,,not-found,only Longterm 2 Plus exists on DuPont
IH-LUB-P33-LOW-TEMPERATURE-LUBRICANT,Molykote P33 Low Temperature Lubricant,,not-found,no P-33 on DuPont
IH-LUB-P44-HIGH-TEMPERATURE-LUBRICANT,Molykote P44 High Temperature Lubricant,,not-found,no P-44 on DuPont
IH-LUB-1102-GAS-COCK-GREASE,Molykote 1102 Gas Cock Grease,,not-found,not on DuPont site
IH-LUB-1292,Molykote 1292,,not-found,not on DuPont site
IH-LUB-340,Molykote 340,,not-found,not on DuPont site
IH-LUB-7093,Molykote 7093,,not-found,not on DuPont site
IH-LUB-739,Molykote 739,,not-found,not on DuPont site
IH-LUB-7405,Molykote 7405,,not-found,not on DuPont site
IH-LUB-7414,Molykote 7414,,not-found,7415 Thinner exists but is a different product
IH-LUB-7438,Molykote 7438,,not-found,not on DuPont site
IH-LUB-G5700,Molykote G5700,,not-found,not on DuPont site
IH-LUB-P-1600,Molykote P-1600,,not-found,not on DuPont site
IH-LUB-PG-54-PLASTISLIP-GREASE,Molykote PG-54 Plastislip Grease,,not-found,only PG-65 Plastislip exists on DuPont
IH-LUB-PG-75-PLASTISLIP-GREASE,Molykote PG-75 Plastislip Grease,,not-found,only PG-65 Plastislip exists on DuPont
