sku,ourTitle,sealfastSlug,sealfastTitle,confidence,score,note
IH-BC-FLANGE-FEMALE,Zinc Plated Steel Female Flanged Bauer Type Couplings,flanged__zinc-plated-steel-female-flanged-couplings,Zinc Plated Steel Female Flanged Bauer Type Couplings,confirmed,0.95,
IH-BC-FLANGE-SET,Zinc Plated Steel Flanged Bauer Type Coupling Complete Set,flanged__zinc-plated-steel-flanged-coupling-complete-set,Zinc Plated Steel Flanged Bauer Type Coupling Complete Set,confirmed,0.95,
IH-BC-FLANGE-MALE-SET,Zinc Plated Steel Flanged Bauer Type Male Threaded Coupling Complete Set,male-threaded__zinc-flanged-bauer-male-threaded-couplings-complet,Zinc Plated Steel Flanged Bauer Type Male NPT Threaded Couplings Complete Set,confirmed,manual,"male-threaded variant, not the plain complete set"
IH-BC-SHANK-COMPLETE,Zinc Plated Steel Hose Shank Bauer Type Coupling Complete Set,hose-shank__zinc-steel-hose-shank-bauer-coupling-complete-set,Zinc Plated Steel Hose Shank Bauer Type Coupling Complete Set,confirmed,0.95,
IH-BC-SHANK-FEMALE,Zinc Plated Steel Hose Shank Bauer Type Female Couplings,hose-shank__zinc-plated-steel-hose-shank-bauer-type-female-cou,Zinc Plated Steel Hose Shank Bauer Type Female Couplings,confirmed,0.95,
IH-BC-SHANK-MALE,Zinc Plated Steel Hose Shank Bauer Type Male Couplings,hose-shank__zinc-plated-steel-hose-shank-bauer-type-male-coupl,Zinc Plated Steel Hose Shank Bauer Type Male Couplings,confirmed,0.95,
IH-BC-LEVER-RING,Zinc Plated Steel Lever Rings (Bauer Type),bauer-type__zinc-plated-steel-lever-rings-2,Zinc Plated Steel Lever Rings,confirmed,0.734,
IH-BC-FLANGE-MALE,Zinc Plated Steel Male Flanged Bauer Type Couplings,flanged__zinc-plated-steel-male-flanged-couplings,Zinc Plated Steel Male Flanged Bauer Type Couplings,confirmed,0.95,
IH-BC-MALE-FEMALE,Zinc Plated Steel Male Threaded Female Bauer Type Couplings,male-threaded__zinc-plated-steel-male-threaded-female-couplings,Zinc Plated Steel Male NPT Threaded Female Bauer Type Couplings,confirmed,0.79,
IH-BC-MALE-MALE,Zinc Plated Steel Male Threaded Male Bauer Type Couplings,male-threaded__zinc-plated-steel-male-threaded-male-couplings,Zinc Plated Steel Male Threaded NPT Male Bauer Type Couplings,confirmed,0.787,
IH-CGC-CT-C,CrimpTEK Type C: Female Coupler × Crimp Shank Cam and Groove Coupling,type-c-__aluminum-crimp-shank-cam-and-groove-couplings,Aluminum Type C Female Coupler x Crimp Shank Cam and Groove Couplings,confirmed,0.818,
IH-CGC-CT-E,CrimpTEK Type E: Male Adapter × Crimp Shank Cam and Groove Coupling,type-e-__aluminum-type-e-cam-and-groove-couplings,Aluminum Type E Male Coupler x Crimp Shank Cam and Groove Couplings,confirmed,0.785,
IH-CGC-SL-B,Self-Locking Type B: Female Coupler × Male NPT Self-Locking Cam and Groove Coupling,type-b-1__aluminum-b-self-locking-cam-and-groove-couplings,Aluminum Type B Female Coupler x Male NPT Self-Locking Cam and Groove Couplings,confirmed,0.845,
IH-CGC-SL-C,Self-Locking Type C: Female Coupler × Hose Shank Self-Locking Cam and Groove Coupling,type-c-2__aluminum-c-self-locking-cam-and-groove-couplings,Aluminum Type C Female Coupler x Hose Shank Self-Locking Cam and Groove Couplings,confirmed,0.845,
IH-CGC-SL-D,Self-Locking Type D: Female Coupler × Female NPT Self-Locking Cam and Groove Coupling,type-d-1__aluminum-d-self-locking-cam-and-groove-couplings,Aluminum Type D Female Coupler x Female NPT Self-Locking Cam and Groove Couplings,confirmed,0.839,
IH-CGC-SL-DA,Self-Locking Type DA: Female Coupler × Male Adapter Self-Locking Cam and Groove Coupling,type-da__type-da-self-locking-cam-and-groove-couplings,316 Stainless Steel Type DA Female Coupler x Male Adapter Self-Locking Cam and Groove Couplings,confirmed,0.799,
IH-CGC-SL-DC,Self-Locking Type DC Stainless Steel Coupler Dust Cap,type-dc-1__nless-steel-type-dc-self-locking-coupler-dust-caps,316 Stainless Steel Type DC Self-Locking Coupler Dust Caps,confirmed,0.918,
IH-CGC-SL-DD,Self-Locking Type DD: Female Coupler × Female Coupler Cam and Groove Coupling,type-dd__type-dd-self-locking-cam-and-groove-couplings,316 Stainless Steel Type DD Female Coupler x Female Coupler Self-Locking Cam and Groove Couplings,confirmed,0.785,
IH-CGC-STD-A,Standard Type A: Female NPT × Male Adapter Cam and Groove Coupling,type-a__aluminum-type-a-cam-and-groove-couplings,Aluminum Type A Female NPT x Male Adapter Cam and Groove Couplings,confirmed,0.818,
IH-CGC-STD-B,Standard Type B: Female Coupler × Male NPT Cam and Groove Coupling,type-b__aluminum-male-npt-cam-and-groove-couplings,Aluminum Type B Female Coupler x Male NPT Cam and Groove Couplings,confirmed,0.818,
IH-CGC-STD-C,Standard Type C: Female Coupler × Shank Cam and Groove Coupling,type-c__aluminum-type-c-cam-and-groove-couplings,Aluminum Type C Female Coupler x Shank Cam and Groove Couplings,confirmed,0.81,
IH-CGC-STD-D,Standard Type D: Female Coupler × Female NPT Cam and Groove Coupling,type-d__aluminum-type-d-cam-and-groove-couplings,Aluminum Type D Female Coupler x Female NPT Cam and Groove Couplings,confirmed,0.81,
IH-CGC-STD-DC,Standard Type DC: Coupler Dust Cap,type-dc__aluminum-type-dc-coupler-dust-caps,Aluminum Type DC Coupler Dust Caps,confirmed,0.775,
IH-CGC-STD-DP,Standard Type DP Dust Plug Adapter,type-dp__aluminum-type-dp-dust-plug-adapters,Aluminum Type DP Dust Plug Adapters,confirmed,0.775,
IH-CGC-STD-E,Standard Type E: Male Adapter × Shank Cam and Groove Coupling,type-e__aluminum-type-e-shank-cam-and-groove-couplings,Aluminum Type E Male Adapter x Shank Cam and Groove Couplings,confirmed,0.81,
IH-CGC-STD-F,Standard Type F: Male Adapter × Male NPT Cam and Groove Coupling,type-f__aluminum-type-f-cam-and-groove-couplings,Aluminum Type F Male Adapter x Male NPT Cam and Groove Couplings,confirmed,0.81,
IH-CGC-90-A,Type A 90° Elbow: Male Adapter × Female NPT Cam and Groove Coupling,type-a-1__type-a-90-degree-elbow-cam-and-groove-couplings,Aluminum Type A Male Adapter x Female NPT 90 Degree Elbow Cam and Groove Couplings,confirmed,0.801,
IH-CGC-90-B,Type B 90° Elbow: Female Coupler × Male NPT Cam and Groove Coupling,type-b-2__female-coupler-x-male-npt-90-degree-elbows,Aluminum Type B Female Coupler x Male NPT 90 Degree Elbows,confirmed,0.731,
IH-CGC-90-C,Type C 90° Elbow: Female Coupler × Shank Cam and Groove Coupling,type-c-3__type-c-90-degree-elbow-cam-and-groove-couplings,Aluminum Type C Female Coupler x Shank 90 Degree Elbow Cam and Groove Couplings,confirmed,0.794,
IH-CGC-90-D,Type D 90° Elbow: Female Coupler × Female NPT Cam and Groove Coupling,type-d-2__type-d-90-degree-elbow-cam-and-groove-couplings,Aluminum Type D Female Coupler x Female NPT 90 Degree Elbow Cam and Groove Couplings,confirmed,0.794,
IH-CGC-45-DA,Type DA 45° Elbow: Female Coupler × Male Adapter Cam and Groove Coupling,type-45-da__aluminum-45-degree-elbow-cam-and-groove-couplings,Aluminum Type DA Female Coupler x Male Adapter 45 Degree Elbow Cam and Groove Couplings,confirmed,0.801,
IH-CGC-90-DA,Type DA 90° Elbow: Female Coupler × Male Adapter Cam and Groove Coupling,type-90-da__aluminum-da-90-elbow-cam-and-groove-couplings,Aluminum Type DA Female Coupler x Male 90 Degree Elbow Cam and Groove Couplings,confirmed,0.784,
IH-CGC-90-DD,Type DD 90° Elbow: Female Coupler × Female Coupler Cam and Groove Coupling,type-90-dd__aluminum-type-dd-90-elbow-cam-and-groove-couplings,Aluminum Type DD 90 Degree Elbow Cam and Groove Couplings,confirmed,0.754,
IH-CGC-90-E,Type E 90° Elbow: Male Adapter × Shank Cam and Groove Coupling,type-e-2__r-x-shank-90-degree-elbow-cam-and-groove-couplings,Aluminum Type E Male Adapter x Shank 90 Degree Elbow Cam and Groove Couplings,confirmed,0.794,
IH-CGC-90-F,Type F 90° Elbow: Male Adapter × Male NPT Cam and Groove Coupling,type-f-1__aluminum-type-f-male-cam-and-groove-couplings,Aluminum Type F Male Adapter x Male NPT Elbow 90 Degree Cam and Groove Couplings,confirmed,0.794,
IH-CRW-BLANK-END-CROWFOOT,316 Stainless Steel Blank End Crowfoot Couplings,,,not-found,,no blank-end crowfoot family on Sealfast
IH-CRW-FEMALE-NPT-HOSE-END-CROWFOOT,316 Stainless Steel Female NPT Hose End Crowfoot Couplings,female-npt__316-stainless-steel-end-crowfoot-couplings,316 Stainless Steel Female NPT Hose End Crowfoot Couplings,confirmed,0.99,
IH-CRW-HOSE-END-CROWFOOT,316 Stainless Steel Hose End Crowfoot Couplings,hose-end-__316-stainless-steel-hose-end-crowfoot-couplings,316 Stainless Steel Hose End Crowfoot Couplings,confirmed,0.99,
IH-CRW-MALE-NPT-HOSE-END-CROWFOOT,316 Stainless Steel Male NPT Hose End Crowfoot Couplings,male-npt__316-stainless-steel-crowfoot-couplings,316 Stainless Steel Male NPT Hose End Crowfoot Couplings,confirmed,0.99,
IH-CRW-TRIPLE-CONNECTION-CROWFOOT,316 Stainless Steel Triple Connection Crowfoot Couplings,,,not-found,,no triple-connection crowfoot family on Sealfast
IH-CRW-FOUR-LUG-FEMALE-NPT-CROWFOOT,Zinc Plated Iron Four Lug Female NPT Crowfoot Couplings,four-lug-female-npt__zinc-plated-iron-npt-crowfoot-couplings,Zinc Plated Iron Four Lug Female NPT Crowfoot Couplings,confirmed,0.95,
IH-CRW-FOUR-LUG-HOSE-END-CROWFOOT,Zinc Plated Iron Four Lug Hose End Crowfoot Couplings,four-lug-hose-end__zinc-plated-iron-four-lug-hose-crowfoot-couplings,Zinc Plated Iron Four Lug Hose End Crowfoot Couplings,confirmed,0.95,
IH-DDC-ADAPTER-PTFE,Aluminum PTFE Adapter × Female NPT Dry Disconnect Couplings,male-ptfe-seat__aluminum-ptfe-npt-dry-disconnect-couplings,Aluminum FEP Adapter x Female NPT Dry Disconnect Couplings,confirmed,manual,Sealfast titles the PTFE seat as FEP; slug confirms PTFE
IH-DDC-COUPLER-PTFE,Aluminum PTFE Coupler × Female NPT Dry Disconnect Couplings,ptfe-seat__aluminum-dry-disconnect-couplings,Aluminum FEP Coupler x Female NPT Dry Disconnect Couplings,confirmed,manual,Sealfast titles the PTFE seat as FEP; slug confirms PTFE
IH-DDC-ADAPTER-VITON,Aluminum Viton Adapter × Female NPT Dry Disconnect Couplings,male-viton-seat__aluminum-viton-npt-dry-disconnect-couplings,Aluminum FKM Adapter x Female NPT Dry Disconnect Couplings,confirmed,0.73,
IH-DDC-COUPLER-VITON,Aluminum Viton Coupler × Female NPT Dry Disconnect Couplings,viton-seat__aluminum-viton-dry-disconnect-couplings,Aluminum FKM Coupler x Female NPT Dry Disconnect Couplings,confirmed,0.73,
IH-GJ-GROUND-JOINT-COMPLETE-SET,Plated Iron Ground Joint Complete Set,set__plated-iron-ground-joint-complete-set,Plated Iron Ground Joint Complete Set,confirmed,0.95,
IH-GJ-GROUND-JOINT-DOUBLE-SPUD,Plated Iron Ground Joint Double Spud,double-spud__plated-iron-ground-joint-double-spud,Plated Iron Ground Joint Double Spud,confirmed,0.95,
IH-GJ-GROUND-JOINT-FEMALE-SPUD,Plated Iron Ground Joint Female Spud,female-spud__plated-iron-ground-joint-female-spud,Plated Iron Ground Joint Female Spud,confirmed,0.95,
IH-GJ-GROUND-JOINT-HOSE-STEM,Plated Iron Ground Joint Hose Stem,hose-stem__plated-iron-ground-joint-hose-stem,Plated Iron Ground Joint Hose Stem,confirmed,0.95,
IH-GJ-GROUND-JOINT-MALE-SPUD,Plated Iron Ground Joint Male Spud,male-spud__plated-iron-ground-joint-male-spud,Plated Iron Ground Joint Male Spud,confirmed,0.95,
IH-GJ-GROUND-JOINT-NPT-MALE-STEM,Plated Iron Ground Joint NPT Male Stem,male-stem__plated-iron-ground-joint-npt-male-stem,Plated Iron Ground Joint NPT Male Stem,confirmed,0.95,
IH-GJ-GROUND-JOINT-WING-NUT,Plated Iron Ground Joint Wing Nut,swivel-nut-__plated-iron-ground-joint-wing-nut,Plated Iron Ground Joint Wing Nut,confirmed,0.95,
IH-GJ-UNIVERSAL-CLAMPS,Zinc Plated Iron Universal Clamps,universal-clamps__zinc-plated-iron-universal-clamps,Universal Clamps,confirmed,0.95,
IH-MND-HOSE-MENDERS,Brass Hose Menders,npt-shanks__brass-hose-menders,Brass Hose Menders,confirmed,0.96,
IH-HN-MALE-NPT-X-HOSE-BARB-HOSE-NIPPLE,Zinc Plated Steel Male NPT x Hose Barb Hose Nipple,hose-nipples__zinc-plated-steel-male-npt-x-hose-barb-hose-nipple,Zinc Plated Steel Male NPT x Hose Barb Hose Nipple,confirmed,0.95,
IH-PLS-SHANK-COUPLING-COMPLETE-SET-BRASS-NUT,Aluminum Shank Coupling Complete Set Brass Nut,aluminum-shank__aluminum-shank-coupling-complete-set,Aluminum Shank Coupling Complete Set with Brass Nut,confirmed,0.782,
IH-PLS-SHANK-FEMALE-COUPLING-WITH-BRASS-NUT,Aluminum Shank Female Coupling with Brass Nut,aluminum-shank__aluminum-shank-female-coupling-with-brass-nut,Aluminum Shank Female Coupling with Brass Nut,confirmed,0.96,
IH-PLS-SHANK-MALE,Aluminum Shank Male Coupling,aluminum-shank__aluminum-shank-male-coupling,Aluminum Shank Male Coupling,confirmed,1.01,
IH-RL-HOSE-SHANK-FEMALE,Zinc Plated Steel Hose Shank Female Couplings,ring-lock__zinc-plated-steel-hose-shank-female-couplings,Zinc Plated Steel Hose Shank Female Couplings,confirmed,0.95,
IH-RL-HOSE-SHANK-FEMALE-X-MALE-COUPLING-COMPLE,Zinc Plated Steel Hose Shank Female x Male Coupling Complete Set with Ring Lock,ring-lock__hose-shank-female-x-male-coupling-complete-set,Zinc Plated Steel Hose Shank Female x Male Coupling Complete Set with Ring Lock,confirmed,0.95,
IH-RL-HOSE-SHANK-MALE,Zinc Plated Steel Hose Shank Male Couplings,ring-lock__zinc-plated-steel-hose-shank-male-couplings,Zinc Plated Steel Hose Shank Male Couplings,confirmed,0.95,
IH-RL-LEVER-RINGS,Zinc Plated Steel Lever Rings,ring-lock__zinc-plated-steel-lever-rings,Zinc Plated Steel Lever Rings,confirmed,0.95,
IH-SB-1-1-4-TO-1-1-2-INCH-IN-PIPE-THREAD-SIZE,1 1/4 to 1 1/2 Inch (in) Pipe Thread Size Aluminum Hose End with Crowfoot,female-npt-with-crowfoot__1-1-4-to-1-1-2-inch--in--size-aluminum-hose-end,1 1/4 to 1 1/2 Inch (in) Pipe Thread Size Aluminum Hose End with Crowfoot,confirmed,1.01,
IH-SB-HOSE-END-WITH-CROWFOOT,Aluminum Hose End with Crowfoot,hose-end-with-crowfoot__aluminum-hose-end-with-crowfoot,Aluminum Hose End with Crowfoot,confirmed,1.01,
IH-SB-NPSH-THREADED-HOSE-END-NOZZLE-HOLDERS,Aluminum NPSH Threaded Hose End Nozzle Holders,hose-end-with-nozzle-holder__aluminum-npsh-threaded-hose-end-nozzle-holders,Aluminum NPSH Threaded Hose End Nozzle Holders,confirmed,1.01,
IH-SHK-SHORT-SHANK-FEMALE-HOSE-NIPPLE,Brass Short Shank Female Hose Nipple,short-shank-__brass-short-shank-female-hose-nipple-,Brass Short Shank Female Hose Nipple,confirmed,0.96,
IH-SHK-SHORT-SHANK-MALE-HOSE-NIPPLE,Brass Short Shank Male Hose Nipple,short-shank-__brass-short-shank-male-hose-nipple-,Brass Short Shank Male Hose Nipple,confirmed,0.96,
IH-SHK-LONG-SHANK-FEMALE-HOSE-NIPPLE,Steel Long Shank Female Hose Nipple,steel__steel-long-shank-female-hose-nipple,Steel Long Shank Female Hose Nipple,confirmed,0.95,
IH-SHK-LONG-SHANK-HOSE-NIPPLE-COMPLETE-SET,Steel Long Shank Hose Nipple Complete Set,steel__steel-long-shank-hose-nipple-complete-set,Steel Long Shank Hose Nipple Complete Set,confirmed,0.95,
IH-SHK-LONG-SHANK-MALE-HOSE-NIPPLE,Steel Long Shank Male Hose Nipple,steel__steel-long-shank-male-hose-nipple,Steel Long Shank Male Hose Nipple,confirmed,0.95,
IH-SPC-FA-150,150# Flanged Type FA: Type FA ANSI Class 150 Flanged Specialty Adapter Fittings,type-fa__ansi-class-150-flanged-specialty-adapter-fittings,Aluminum Type FA ANSI Class 150 Flanged Specialty Adapter Fittings,confirmed,0.87,
IH-SPC-FC-150,150# Flanged Type FC: Type FC ANSI Class 150 Flanged Couplers Stainless Steel,type-fc__316-stainless-steel-fc-ansi-150-flanged-couplers,316 Stainless Steel Type FC ANSI Class 150 Flanged Couplers,confirmed,0.945,
IH-SPC-TR-BSP,Reducer / Increaser: 316SS Female BSP × Male NPT Thread Reducer Fittings,threaded__316-stainless-male-npt-thread-reducer-fittings,316 Stainless Steel Female BSP x Male NPT Thread Reducer Fittings,confirmed,0.682,
IH-SPC-TR-NPSM,Reducer / Increaser: 316SS Female NPSM × Male NPT Thread Reducer Fittings,threaded__316-stainless-steel-thread-reducer-fittings,316 Stainless Steel Female NPSM x Male NPT Thread Reducer Fittings,confirmed,0.682,
IH-SPC-TR-NPT,Reducer / Increaser: Male NPT × Female NPT Thread Reducer Fittings,threaded__aluminum-female-npt-thread-reducer-fittings,Aluminum Male NPT x Female NPT Thread Reducer Fittings,confirmed,0.645,
IH-SPC-BR,Reducer / Increaser: Reducing B Female Coupler × Male NPT Couplings,type-br__aluminum-reducing-b-female-couplings,Aluminum Reducing BR Female Coupler x Male NPT Couplings,confirmed,0.595,
IH-SPC-AR,Reducer / Increaser: Type AR Reducing A Male × Female NPT Specialty Couplings,type-ar__aluminum-male-x-female-npt-specialty-couplings,Aluminum Type AR Reducing A Male x Female NPT Specialty Couplings,confirmed,0.833,
IH-SPC-BLN,Reducer / Increaser: Type BLN Longneck Female × Male NPT Specialty Cam and Groove Couplings,type-bln__aluminum-type-bln-longneck-couplings,Aluminum Type BLN Longneck Female x Male NPT Specialty Cam and Groove Couplings,confirmed,0.745,
IH-SPC-CR,Reducer / Increaser: Type CR Female Coupler × Shank Reducing C Cam and Groove Couplings,type-cr__aluminum-cr-reducing-c-cam-and-groove-couplings,Aluminum Type CR Female Coupler x Shank Reducing C Cam and Groove Couplings,confirmed,0.845,
IH-SPC-DA-RED,Reducer / Increaser: Type DA Female Coupler × Male Adapter Reducing Cam and Groove Couplings,type-da-1__aluminum-type-da-cam-and-groove-couplings,Aluminum Type DA Female Coupler x Male Adapter Reducing Cam and Groove Couplings,confirmed,0.845,
IH-SPC-DR,Reducer / Increaser: Type DR Female Coupler × Female NPT Reducing D Cam and Groove Couplings,type-dr__aluminum-dr-reducing-d-cam-and-groove-couplings,Aluminum Type DR Female Coupler x Female NPT Reducing D Cam and Groove Couplings,confirmed,0.845,
IH-SPC-ER,Reducer / Increaser: Type ER Male Adapter × Shank Reducing E Cam and Groove Couplings,type-er__aluminum-er-reducing-e-cam-and-groove-couplings,Aluminum Type ER Male Adapter x Shank Reducing E Cam and Groove Couplings,confirmed,0.845,
IH-SPC-DD-SPOOL,Spool Adapters: Type DD Female × Female Coupler Spool,type-dd-1__aluminum-dd-spool-coupler-cam-and-groove-couplings,Aluminum Type DD Female x Female Spool Coupler Cam and Groove Couplings,confirmed,0.75,
IH-SPC-AW,Type AW Socket Weld Adapter Specialty Cam and Groove Coupling,type-aw__aluminum-type-aw-socket-weld-adapter-couplings,Aluminum Type AW Socket Weld Adapter Couplings,confirmed,0.75,
IH-SPC-DCL,Type DCL Lockable Dust Caps (SS / Brass),type-dc-2__brass-type-dcl-lockable-dust-caps,Brass Type DCL Lockable Dust Caps,confirmed,0.96,
IH-SPC-DW,Type DW Socket Weld Specialty Cam and Groove Coupling,type-dw__weld--specialty-cam-and-groove-couplings,316 Stainless Steel Type DW Socket Weld Specialty Cam and Groove Couplings,confirmed,0.79,
IH-SPC-SA,Type SA Male × Male Spool Adapter Cam and Groove Couplings,type-sa__aluminum-sa-spool-adapter-cam-and-groove-couplings,Aluminum Type SA Male x Male Spool Adapter Cam and Groove Couplings,confirmed,0.87,
